<?xml version="1.0" encoding="UTF-8" standalone="no"?>
<featureModel>
	<properties>
		<calculations key="tautology" value="true"/>
		<calculations key="auto" value="true"/>
		<graphics key="showconstraints" value="true"/>
		<calculations key="redundant" value="true"/>
		<graphics key="showshortnames" value="false"/>
		<graphics key="layout" value="horizontal"/>
		<graphics key="legendhidden" value="false"/>
		<graphics key="layoutalgorithm" value="1"/>
		<calculations key="features" value="true"/>
		<graphics key="autolayoutconstraints" value="false"/>
		<graphics key="legendautolayout" value="true"/>
		<graphics key="showcollapsedconstraints" value="true"/>
		<calculations key="constraints" value="true"/>
	</properties>
	<struct>
		<and abstract="true" mandatory="true" name="testone">
			<and mandatory="true" name="base">
				<graphics key="collapsed" value="false"/>
				<feature hidden="true" name="Directed"/>
			</and>
			<feature name="more">
				<description>Undirected</description>
			</feature>
			<feature name="last">
				<description>Weight</description>
			</feature>
		</and>
	</struct>
	<constraints>
		<rule>
			<eq>
				<var>Directed</var>
				<not>
					<var>more</var>
				</not>
			</eq>
		</rule>
	</constraints>
</featureModel>
