<?xml version="1.0" encoding="UTF-8" standalone="no"?>
<featureModel>
	<properties>
		<graphics key="autolayoutconstraints" value="false"/>
		<graphics key="legendautolayout" value="true"/>
		<graphics key="showconstraints" value="true"/>
		<graphics key="showshortnames" value="false"/>
		<graphics key="layout" value="horizontal"/>
		<graphics key="showcollapsedconstraints" value="true"/>
		<graphics key="legendhidden" value="false"/>
		<graphics key="layoutalgorithm" value="1"/>
	</properties>
	<struct>
		<and abstract="true" mandatory="true" name="Graph_Feature_Oriented">
			<and mandatory="true" name="Base">
				<description>by default Type=Directed</description>
				<feature abstract="true" hidden="true" name="Directed"/>
			</and>
			<feature name="Undirected"/>
			<feature name="Weight"/>
			<or abstract="true" name="Algorithms">
				<graphics key="collapsed" value="false"/>
				<feature name="DFS"/>
				<feature name="MST"/>
			</or>
		</and>
	</struct>
	<constraints>
		<rule>
			<imp>
				<var>MST</var>
				<var>Weight</var>
			</imp>
		</rule>
		<rule>
			<eq>
				<var>Directed</var>
				<not>
					<var>Undirected</var>
				</not>
			</eq>
		</rule>
	</constraints>
	<featureOrder userDefined="true">
		<feature name="Base"/>
		<feature name="Undirected"/>
		<feature name="Weight"/>
		<feature name="Algorithms"/>
		<feature name="DFS"/>
		<feature name="MST"/>
		<feature name="Directed"/>
	</featureOrder>
</featureModel>
